<?xml version="1.0" encoding="UTF-8"?>
<beans xmlns="http://www.springframework.org/schema/beans"
	xmlns:xsi="http://www.w3.org/2001/XMLSchema-instance"
	xmlns:aop="http://www.springframework.org/schema/aop"
	xmlns:context="http://www.springframework.org/schema/context"
	xsi:schemaLocation="http://www.springframework.org/schema/beans 
    http://www.springframework.org/schema/beans/spring-beans-4.0.xsd
    http://www.springframework.org/schema/context
    http://www.springframework.org/schema/context/spring-context.xsd">

<!-- For annotations to work: -->
<context:annotation-config></context:annotation-config>

<!-- For @Component to be scannable -->
<context:component-scan base-package="com.tcs.waleed.training"></context:component-scan>


<bean class="com.tcs.waleed.training.Club" id="club">
	<property name="name" value="Barcelona"></property>
	<property name="founded" value="1890"></property>
</bean>

<bean class="com.tcs.waleed.training.Club" id="otherClub">
	<property name="name" value="Bayern Munich"></property>
	<property name="founded" value="1889"></property>
</bean>


</beans>