<?xml version="1.0" encoding="UTF-8"?>
<!DOCTYPE beans PUBLIC "-//SPRING//DTD BEAN 2.0//EN"
        "http://www.springframework.org/dtd/spring-beans-2.0.dtd">
        
     <!--  Define your beans here  -->
    	 <beans>
    		<!-- <bean class="com.tcs.waleed.training.LeagueFootballer" id="leagueFootballer">
    		Setter DI here
    		 <property name="name" value="Ronaldo"></property>
    		<property name="country" value="Portugal"></property>
    		<property name="clubs">
    			<list>
    				<ref bean="firstClub"/>
    				<ref bean="secondClub"/>
    			</list>
    		</property>
    		
    		Constructor DI
<constructor-arg value="Messi"></constructor-arg>
<constructor-arg value="USA"></constructor-arg>
<constructor-arg ref="firstClub"></constructor-arg>
    		
    		
    		</bean> -->
    		
    		
    		<bean class="com.tcs.waleed.training.InternationalFootballer" init-method="callAtBeginning" destroy-method="callAtEnd" scope="singleton" autowire="byName" id="internationalFootballer">
    			
    		</bean>
    		
 <bean class="com.tcs.waleed.training.Club" id="firstClub">
 <property name="name" value="Manchester City"></property>
 <property name="founded" value="1951"></property>
 </bean>  
 
  <bean class="com.tcs.waleed.training.Club" id="club">
 <property name="name" value="Liverpool"></property>
 <property name="founded" value="1917"></property>
 </bean> 	
    		
    		
    		
    		
    		
    		
    		
    		
    		
    		
    		
    		
    		
    	</beans> 